Id,Route,Group,Length
904,Canopyglidean route,searoutes,50722 km
903,Heartan water way,searoutes,24339 km
952,Silrotlash route,searoutes,21779 km
1133,Scutabibus route,searoutes,20431 km
970,Unnamed route,searoutes,15941 km
905,Grumphog route,searoutes,14468 km
15,Crystaldusk road,roads,12406 km
3,Ghost road,roads,9318 km
1135,Scutan route,searoutes,9307 km
930,Duskmistmarean route,searoutes,9025 km
1074,Enigma route,searoutes,8619 km
945,The Sacred Star water way,searoutes,8295 km
906,The Obscure Halcyon route,searoutes,8071 km
38,Ancient way,roads,8025 km
1107,Aumiluleanx route,searoutes,7196 km
0,Radiant road,roads,6870 km
1044,Astrex passage,searoutes,6869 km
6,Silvered way,roads,6723 km
1149,Astrean route,searoutes,6473 km
1155,Gronkogan lane,searoutes,6207 km
389,Shadownest track,trails,6074 km
1145,Unnamed route,searoutes,5974 km
20,Iron road,roads,5835 km
1102,Raven lane,searoutes,5774 km
328,Grunkulese trail,trails,5765 km
723,Ceraphrian path,trails,5645 km
963,Heartshroury route,searoutes,5361 km
958,Canopyfopys route,searoutes,5171 km
1084,The Echoing High lane,searoutes,5004 km
1162,Royal lane,searoutes,4889 km
8,The Shaky Iron way,roads,4742 km
354,Unnamed route,trails,4738 km
954,The Rustic Luminous route,searoutes,4716 km
13,Thunder route,roads,4679 km
607,Gronguran track,trails,4667 km
1200,Scutaindest route,searoutes,4587 km
1040,Unnamed route,searoutes,4530 km
1112,Sable lane,searoutes,4496 km
272,Snowtglikean trail,trails,4413 km
339,Unnamed route,trails,4203 km
947,Heartreignese lane,searoutes,4018 km
59,Heartwhisper trail,trails,3935 km
1080,Ephyxan route,searoutes,3929 km
933,Stormwhisper route,searoutes,3924 km
1087,Stormrider lane,searoutes,3797 km
1111,Thundercrest route,searoutes,3743 km
26,Wandering way,roads,3737 km
964,Scutaimutan route,searoutes,3670 km
589,Grungronese trail,trails,3595 km
1002,Aetrarax route,searoutes,3546 km
40,Nocturnan highway,roads,3537 km
785,Hearthan trail,trails,3503 km
1091,Serpent passage,searoutes,3490 km
150,Aetherwhis trail,trails,3485 km
572,Ringmashadean trail,trails,3470 km
1203,The Great Twilight route,searoutes,3469 km
1120,Ignan route,searoutes,3460 km
65,Frozen track,trails,3411 km
1058,The Cracked Ember route,searoutes,3376 km
34,Arcane road,roads,3309 km
1078,Auleluminan water way,searoutes,3289 km
1130,Unnamed route,searoutes,3281 km
1077,Astran water way,searoutes,3274 km
24,King highway,roads,3257 km
28,Silvered road,roads,3179 km
791,Heartan trail,trails,3165 km
703,Aurelian pass,trails,3113 km
1108,Wraith water way,searoutes,3112 km
1061,The Cracked Cursed lane,searoutes,3080 km
908,Glaveran route,searoutes,3049 km
643,Whirlwind track,trails,3004 km
159,Solar trail,trails,3000 km
988,Heartsheat lane,searoutes,2930 km
397,Iron trail,trails,2922 km
247,Divine trail,trails,2891 km
975,Unnamed route,searoutes,2891 km
1147,Unnamed route,searoutes,2882 km
547,Scutabian trail,trails,2870 km
450,Duskveil trail,trails,2857 km
1140,Enigma route,searoutes,2818 km
978,Rusthornese route,searoutes,2805 km
105,Grumork trail,trails,2761 km
574,The Winding Scutaimpavian trail,trails,2736 km
202,Unnamed route,trails,2714 km
957,Frostshoutbian passage,searoutes,2703 km
181,Pneuguean path,trails,2663 km
762,Serpent path,trails,2662 km
1157,Rain route,searoutes,2652 km
1138,The Echoing Frozen route,searoutes,2637 km
22,Twilight way,roads,2604 km
664,Grumork track,trails,2597 km
228,Coldthornese track,trails,2588 km
545,Blaveran trail,trails,2565 km
733,Niluleleex trail,trails,2556 km
46,Windwing trail,trails,2541 km
1,The Serpentine Monshenclaw road,roads,2539 km
998,Heartwarp lane,searoutes,2484 km
311,Frosthorn trail,trails,2467 km
960,The Cobbled Eternal passage,searoutes,2386 km
406,Madonese trail,trails,2366 km
52,Nightfury pass,trails,2361 km
1093,Asthelian route,searoutes,2350 km
27,Canopysuncean route,roads,2336 km
997,Heartwhisper lane,searoutes,2315 km
288,Stormpelt pass,trails,2310 km
141,Canopyfsong track,trails,2298 km
35,Canopywind road,roads,2286 km
953,Snowtgnomean water way,searoutes,2261 km
1075,Mephridan route,searoutes,2250 km
120,Grunt pass,trails,2247 km
1183,Ukukuilehan water way,searoutes,2203 km
149,Grungoran trail,trails,2191 km
205,Canopyleafs trail,trails,2190 km
633,The Obscure Ironspirons path,trails,2181 km
1150,Unnamed route,searoutes,2161 km
114,Scutaimuan trail,trails,2154 km
11,The Great Blodtail road,roads,2150 km
920,Canopyleafw lane,searoutes,2149 km
724,The Winding Asthean trail,trails,2149 km
1164,Noctihinarian lane,searoutes,2141 km
1064,The Serpentine Enigma route,searoutes,2140 km
1119,Storm route,searoutes,2120 km
156,Blodtailese track,trails,2117 km
976,Great lane,searoutes,2108 km
1106,Scutabibibian passage,searoutes,2106 km
711,Nocturnyx trail,trails,2097 km
750,Aethoriolan track,trails,2088 km
901,Heart passage,searoutes,2087 km
417,Madonese trail,trails,2085 km
677,Halcyon track,trails,2082 km
972,Shadowclaw route,searoutes,2073 km
845,Heartfury trail,trails,2071 km
714,Astrean trail,trails,2025 km
740,Vespean trail,trails,2015 km
233,Dradowflowran pass,trails,2013 km
916,Glomergean water way,searoutes,2010 km
1122,Lumixan route,searoutes,1999 km
501,Heartfury trail,trails,1990 km
534,Scutaimpean pass,trails,1989 km
979,Unnamed route,searoutes,1970 km
498,Boneshalean path,trails,1953 km
1073,Iron water way,searoutes,1950 km
416,Azeliondrarian pass,trails,1947 km
767,Spectral pass,trails,1945 km
760,Auraxan path,trails,1938 km
472,Duskvilean trail,trails,1935 km
350,Anmastergean track,trails,1922 km
926,Wild route,searoutes,1917 km
890,Eternal trail,trails,1904 km
1117,Blacksmith's route,searoutes,1902 km
2,The Cobbled Solar highway,roads,1895 km
469,Ineclesnap path,trails,1891 km
527,Glazegadowg track,trails,1886 km
571,Ironsoulmaw trail,trails,1881 km
555,Scutabile track,trails,1869 km
1144,Grumnok route,searoutes,1851 km
512,Arcrushan pass,trails,1848 km
581,Scutainflexian trail,trails,1840 km
37,Crystaldusk route,roads,1836 km
755,Nightstorm trail,trails,1832 km
72,Canan trail,trails,1821 km
352,Stonean trail,trails,1811 km
485,Zephonix path,trails,1776 km
322,The Obscure Snapdmer track,trails,1754 km
513,Heartpalmer trail,trails,1746 km
746,Soran trail,trails,1737 km
566,Scutainpexian trail,trails,1724 km
994,Scarlet water way,searoutes,1714 km
950,The Great Verdant lane,searoutes,1712 km
1161,Nocturnan route,searoutes,1707 km
697,Aumiluleanx trail,trails,1705 km
909,Snapdmer lane,searoutes,1704 km
392,The Silent Murksnarlese trail,trails,1694 km
768,Night track,trails,1694 km
99,Windskerwing track,trails,1692 km
940,Dusk route,searoutes,1687 km
689,Grumzug path,trails,1684 km
196,The Shrouded Duskshadow pass,trails,1684 km
1059,Twilight passage,searoutes,1673 km
1202,The Shaky Great route,searoutes,1670 km
1101,Scutaindest route,searoutes,1665 km
206,Dradowflowran trail,trails,1657 km
391,The Winding Stonean path,trails,1657 km
1160,Aereaxararan route,searoutes,1648 km
924,Canopywinds route,searoutes,1644 km
843,Heartguard pass,trails,1643 km
618,Scutainflexian trail,trails,1640 km
666,Chainfor trail,trails,1636 km
1010,Glimmering route,searoutes,1606 km
1096,Rust route,searoutes,1602 km
747,The Serpentine Cerean path,trails,1585 km
853,Eternal path,trails,1582 km
50,Dawn trail,trails,1563 km
955,Titan lane,searoutes,1562 km
1071,Eagle water way,searoutes,1560 km
951,The Shaky New route,searoutes,1558 km
359,Snowgler trail,trails,1544 km
249,Frostan track,trails,1532 km
96,Heartwhisper path,trails,1532 km
393,Ironsherpelt trail,trails,1524 km
78,Grunthorkun pass,trails,1519 km
720,The Winding Pyxan trail,trails,1517 km
109,Whisperent trail,trails,1505 km
866,Aereaxararan trail,trails,1503 km
684,Bozterenese path,trails,1502 km
1094,Everlasting lane,searoutes,1500 km
193,Murkw trail,trails,1495 km
292,Solar path,trails,1495 km
1043,Unnamed route,searoutes,1492 km
1008,Heartspirean route,searoutes,1491 km
971,Mahoonalan route,searoutes,1490 km
543,Sylvan trail,trails,1489 km
585,Scutainvian trail,trails,1477 km
382,Whirl trail,trails,1464 km
185,The Cobbled Glombertidean trail,trails,1458 km
256,Popriment pass,trails,1453 km
23,Stardust route,roads,1453 km
544,Scutainvian trail,trails,1452 km
840,Heartflalean track,trails,1445 km
533,Scutaindest pass,trails,1444 km
655,Grugnak track,trails,1441 km
277,Grunduran trail,trails,1437 km
1005,Nightnailese route,searoutes,1431 km
9,Arcane road,roads,1421 km
983,Night route,searoutes,1407 km
280,The Cobbled Flickerwran trail,trails,1403 km
360,Whispering trail,trails,1397 km
573,The Sacred Scutan pass,trails,1388 km
1068,Old route,searoutes,1380 km
379,Thunderfang trail,trails,1370 km
273,Dradowflowran trail,trails,1370 km
129,Heartnailese path,trails,1366 km
918,Peonypypyp route,searoutes,1358 km
515,The Shaky Ineclesnap trail,trails,1354 km
744,Sylphran track,trails,1347 km
70,Sun track,trails,1339 km
313,Canopytwean trail,trails,1332 km
1129,Grikan water way,searoutes,1327 km
935,Sun route,searoutes,1321 km
169,Cadereran trail,trails,1320 km
1033,Shadowed water way,searoutes,1315 km
852,Heartreignese path,trails,1314 km
483,Iront track,trails,1311 km
816,Heartwhisper trail,trails,1303 km
1193,Ironshroud route,searoutes,1301 km
373,Sorariaxan trail,trails,1290 km
854,The Fabled Iterhornderw path,trails,1283 km
178,Frostsnarlese trail,trails,1276 km
84,Unnamed route,trails,1268 km
476,The Obscure Shadowsker trail,trails,1262 km
437,Crystrirons trail,trails,1259 km
829,Heartwhisper path,trails,1250 km
962,Snowclawlash route,searoutes,1241 km
468,The Obscure Thunder trail,trails,1241 km
1052,Echo lane,searoutes,1240 km
19,Luminous road,roads,1232 km
773,Cemerucan path,trails,1228 km
523,Scutaimane trail,trails,1225 km
45,Heartflamean road,roads,1221 km
582,Girdlean path,trails,1212 km
4,Shadowtan highway,roads,1200 km
620,Ironspiron path,trails,1198 km
317,The Cracked Storwingnash path,trails,1195 km
568,Scutainpean path,trails,1194 km
680,Grumpak track,trails,1190 km
705,Cerispelurean trail,trails,1187 km
797,Heartreignese track,trails,1186 km
1057,Serpent route,searoutes,1175 km
121,Rustan track,trails,1164 km
624,Anjawhishan trail,trails,1161 km
398,Chainjawhis trail,trails,1155 km
584,Ironshaker trail,trails,1152 km
610,Grog track,trails,1144 km
7,Snowfladowhian road,roads,1140 km
974,The Cracked Rain route,searoutes,1140 km
765,Soran trail,trails,1139 km
42,Heartspirean road,roads,1139 km
47,The Silent Thundershard pass,trails,1139 km
464,Thunjawhis trail,trails,1130 km
730,Neex trail,trails,1128 km
88,Sable pass,trails,1126 km
145,Heartrotflan track,trails,1123 km
841,Whispering trail,trails,1119 km
833,Heartechan trail,trails,1116 km
57,Cyclonix trail,trails,1108 km
631,Ironshaker trail,trails,1107 km
261,Snowtsnarl track,trails,1107 km
982,Black route,searoutes,1101 km
115,Caderer trail,trails,1099 km
5,Solar route,roads,1092 km
1105,Unnamed route,searoutes,1090 km
856,Shadowclaw track,trails,1084 km
439,The Silent Scutainvictian trail,trails,1078 km
25,Eternal road,roads,1077 km
694,Thunderscan pass,trails,1076 km
548,Scutatatean trail,trails,1074 km
1083,Jeweled route,searoutes,1073 km
872,Aumian track,trails,1072 km
550,Ironpact pass,trails,1071 km
580,Irontan path,trails,1063 km
801,Heartward path,trails,1049 km
244,Hearthrob track,trails,1047 km
587,The Fabled Scutainvian pass,trails,1047 km
772,Aulerumian trail,trails,1046 km
669,Grugan trail,trails,1044 km
1187,Crimson route,searoutes,1043 km
89,Unnamed route,trails,1042 km
432,Blodclaw path,trails,1035 km
1116,Auroran passage,searoutes,1032 km
424,Monese trail,trails,1028 km
453,Canopysuncean trail,trails,1024 km
559,Scutabilian pass,trails,1024 km
449,Thunderw path,trails,1024 km
1017,Heartflalean route,searoutes,1020 km
743,Astrexan trail,trails,1018 km
60,The Breezy Pneuran trail,trails,1015 km
1103,Twisted route,searoutes,1008 km
642,Grog track,trails,1005 km
492,Copper trail,trails,1004 km
117,Canopyshim path,trails,999 km
719,Soriorarion trail,trails,994 km
914,The Misty Crimson lane,searoutes,994 km
348,Canopytan trail,trails,993 km
1163,Military route,searoutes,992 km
458,Scutainflean path,trails,990 km
606,Irongmaspinean path,trails,989 km
423,Thunderg trail,trails,989 km
894,Stormrider path,trails,980 km
886,Mephridan pass,trails,976 km
774,Celian track,trails,974 km
320,Peolaswish trail,trails,973 km
1030,Heartwardlean lane,searoutes,973 km
1048,Radiant route,searoutes,971 km
195,Icewan track,trails,970 km
155,Rust trail,trails,969 km
16,The Serpentine Luminous way,roads,967 km
1088,Cemerucan lane,searoutes,966 km
1027,Wandering lane,searoutes,965 km
679,Thunder path,trails,961 km
927,The Cobbled Whirlwind route,searoutes,960 km
1153,Arcane water way,searoutes,959 km
246,Winderan trail,trails,958 km
154,Grumkor trail,trails,958 km
318,Grothakan trail,trails,955 km
837,Heartan trail,trails,952 km
539,Ironfistfalese trail,trails,945 km
627,Girdlean trail,trails,942 km
470,Thunderg trail,trails,933 km
1039,Divine route,searoutes,931 km
700,Zephoran trail,trails,929 km
1000,Canopywind lane,searoutes,926 km
996,Heartfladow route,searoutes,926 km
75,Heart path,trails,925 km
67,Pneuran trail,trails,924 km
462,Unnamed route,trails,923 km
715,Lumilan trail,trails,923 km
601,Irongmaspinean trail,trails,922 km
1185,Spike route,searoutes,917 km
308,Silrotgadow trail,trails,915 km
477,Blodclaw trail,trails,913 km
1023,Moonlit route,searoutes,912 km
736,Nocturniean trail,trails,908 km
702,Aumiluleanx pass,trails,907 km
1011,The Cracked Dawn route,searoutes,907 km
1050,Heartpact lane,searoutes,905 km
446,Thunderw trail,trails,903 km
388,Gronduran trail,trails,902 km
980,Molten route,searoutes,898 km
530,Scutabibus track,trails,897 km
295,Jade trail,trails,895 km
1184,Scutainvian route,searoutes,893 km
701,Sylphraran trail,trails,889 km
704,Celian trail,trails,888 km
140,Stonebeakscan trail,trails,887 km
135,Unnamed route,trails,882 km
1026,Ceran lane,searoutes,881 km
1022,Scutabidam lane,searoutes,881 km
30,Old road,roads,878 km
999,Cyclan lane,searoutes,878 km
878,Zephylan trail,trails,878 km
648,Grunthrak track,trails,877 km
516,Scutaimane pass,trails,872 km
882,Lightbeak trail,trails,871 km
1046,Lightbeak route,searoutes,870 km
76,The Misty Canopyglidean trail,trails,869 km
465,Canopyganan trail,trails,866 km
165,Canopyg pass,trails,862 km
748,Luminan trail,trails,860 km
520,Unnamed route,trails,859 km
524,Bladish trail,trails,858 km
658,Halcyon track,trails,858 km
307,Snowan track,trails,849 km
575,Scutaimuan trail,trails,848 km
220,Snowtglicew trail,trails,847 km
188,Thunese trail,trails,847 km
1049,Noctihinan route,searoutes,845 km
369,Emberglidean pass,trails,845 km
189,Grundur trail,trails,844 km
407,Irons Cry track,trails,838 km
706,Celestix trail,trails,838 km
638,Grungronese path,trails,838 km
168,Grun path,trails,837 km
614,Rust trail,trails,836 km
433,Rust trail,trails,835 km
1020,The Rustic Falcon water way,searoutes,835 km
628,Rust trail,trails,835 km
281,Shadowflalean pass,trails,834 km
158,Snowfladow pass,trails,830 km
1114,Old lane,searoutes,829 km
612,Ironwraith trail,trails,829 km
1127,Ironstalker route,searoutes,827 km
969,Arcane route,searoutes,820 km
813,Heartshadow track,trails,819 km
796,Heartwarp path,trails,819 km
532,Old path,trails,818 km
204,Heartgavean trail,trails,818 km
227,Whisher trail,trails,818 km
268,Nightfang path,trails,817 km
1188,Grumphakmak route,searoutes,816 km
224,Mongan pass,trails,811 km
214,Aetherwhis trail,trails,809 km
922,Snowstormb water way,searoutes,808 km
378,Wildt path,trails,807 km
1069,The Sacred Military water way,searoutes,807 km
32,Unnamed route,roads,804 km
820,Heartwhirlese trail,trails,802 km
303,Ironspirons trail,trails,802 km
616,Grumorkan trail,trails,801 km
192,Canopyg trail,trails,798 km
385,Shadowed trail,trails,798 km
408,Eternal trail,trails,793 km
1201,Scutainvian lane,searoutes,791 km
362,Viowerswish trail,trails,790 km
514,Heartpalmer track,trails,788 km
429,Golden path,trails,784 km
331,Orchilean track,trails,784 km
478,The Rustic Shaper path,trails,782 km
799,Heartveil trail,trails,782 km
716,Molten track,trails,778 km
619,The Great Scutainflean trail,trails,777 km
1036,Heartfor lane,searoutes,776 km
207,Divine track,trails,775 km
735,The Silent Nocturniean track,trails,773 km
298,Cam Trian trail,trails,772 km
564,Ironshaker trail,trails,772 km
1118,Solar passage,searoutes,771 km
675,Ironwhis trail,trails,770 km
542,Scutaimferian pass,trails,769 km
1174,Grumpog route,searoutes,765 km
191,The Winding Snowsnarlese trail,trails,764 km
811,Heartspirean trail,trails,763 km
603,The Breezy Grungoran trail,trails,762 km
17,Ancient road,roads,762 km
144,Snowfladow track,trails,761 km
713,Nocturnidan pass,trails,761 km
915,Unnamed route,searoutes,760 km
1042,Solar water way,searoutes,759 km
623,Scutainflean trail,trails,756 km
428,Cursed trail,trails,753 km
330,Unnamed route,trails,751 km
79,Grumork path,trails,751 km
600,Ironpactfang pass,trails,749 km
867,Aereaxararan track,trails,749 km
526,Stormfeatvor trail,trails,748 km
384,Xylan track,trails,746 km
897,Nightglikean trail,trails,744 km
180,Frost trail,trails,743 km
1104,Nocturniean route,searoutes,740 km
519,Thunderan trail,trails,739 km
401,Itetalmist pass,trails,737 km
522,Nightsting path,trails,736 km
170,Grungan track,trails,736 km
565,Amethyst trail,trails,735 km
646,Anpacish trail,trails,733 km
778,Aetrarax trail,trails,731 km
802,Heartfladow path,trails,730 km
508,Stormerpelt track,trails,730 km
810,Heartnailese trail,trails,728 km
376,Windshadowg track,trails,726 km
595,Blalean track,trails,725 km
475,The Fabled Scutainflean trail,trails,724 km
1029,Hearth passage,searoutes,723 km
738,Unnamed route,trails,718 km
875,Nocturnivox track,trails,717 km
567,Scutabilian trail,trails,714 km
421,Canoresper path,trails,714 km
425,Blacksmit path,trails,714 km
588,Scutainvictian track,trails,711 km
283,Unnamed route,trails,709 km
887,Echo trail,trails,705 km
190,Grumkisan trail,trails,703 km
831,The Sacred Heartflavean trail,trails,703 km
910,Blodlean route,searoutes,701 km
941,Wandering route,searoutes,701 km
656,Gronguran trail,trails,700 km
294,Canopywispw pass,trails,699 km
338,Snow track,trails,699 km
812,Heartshadow pass,trails,696 km
779,The Cobbled Aethelele trail,trails,695 km
490,Ironrothinese trail,trails,693 km
173,Thorn path,trails,692 km
355,Echonantus trail,trails,691 km
597,Scutaintabian trail,trails,691 km
742,Cerean trail,trails,690 km
199,Amethyst trail,trails,689 km
14,Eagle road,roads,688 km
876,Aetran pass,trails,688 km
430,Ivetalese track,trails,686 km
208,Whisheran trail,trails,686 km
763,Aethoriolan pass,trails,685 km
426,Thunderw trail,trails,685 km
410,Emberglidean trail,trails,685 km
834,Heart trail,trails,684 km
68,Nightfor trail,trails,684 km
1097,Twilight lane,searoutes,684 km
657,Gronkogan trail,trails,682 km
260,Whirlwind track,trails,680 km
126,Galeadiancean trail,trails,678 km
793,Heartspirean pass,trails,675 km
343,Silpeltwhis trail,trails,675 km
364,Gamean pass,trails,674 km
274,Grunduran trail,trails,670 km
563,Anweaver trail,trails,669 km
278,Dusk path,trails,667 km
1186,Anjawhishan lane,searoutes,666 km
506,Scutaimuan path,trails,666 km
1047,Stormfury route,searoutes,665 km
83,Enigma path,trails,665 km
93,Caserot trail,trails,665 km
551,Scutaimpan trail,trails,664 km
491,Phancean trail,trails,664 km
780,Stormwing track,trails,663 km
245,Icewan trail,trails,662 km
236,Unnamed route,trails,661 km
553,Scutaindest pass,trails,661 km
776,Mephrinalys trail,trails,660 km
695,The Frosty Thunderscan path,trails,660 km
973,Ironwan route,searoutes,659 km
737,Xyxan trail,trails,659 km
436,Canopywodg trail,trails,658 km
232,Stonescadowc track,trails,657 km
374,Whisperfat pass,trails,656 km
558,Scutaindest trail,trails,653 km
654,The Winding Grumphakmak track,trails,653 km
948,Heart route,searoutes,652 km
94,The Great Zephus trail,trails,646 km
64,Grumok trail,trails,641 km
358,Icewan pass,trails,640 km
560,Scutaimpean path,trails,637 km
899,Heartechonean route,searoutes,636 km
264,Canopyshanan trail,trails,634 km
29,Silver route,roads,629 km
179,Frostwhistalese trail,trails,626 km
786,Heartwarp pass,trails,626 km
325,Snowtgnomean path,trails,625 km
1189,Fading route,searoutes,623 km
279,Grothak trail,trails,623 km
257,Frostbinean track,trails,623 km
153,Twisted track,trails,621 km
44,The Shaky Radiant road,roads,620 km
452,Scutainflean trail,trails,619 km
732,Xylan trail,trails,617 km
849,The Frosty Heartwhirl trail,trails,617 km
698,Zephor trail,trails,615 km
911,Old route,searoutes,614 km
824,Heartwarp pass,trails,614 km
235,Frostmender path,trails,611 km
43,Radiant road,roads,611 km
819,Hearth trail,trails,610 km
137,Heartglow trail,trails,609 km
387,Frostbiter track,trails,608 km
593,Scutaprolabian pass,trails,607 km
119,Grunthorkunese trail,trails,605 km
798,Heartcrad path,trails,603 km
1051,Scutaimuan route,searoutes,600 km
1113,Glowing route,searoutes,598 km
299,Scutaindest trail,trails,598 km
334,The Rustic Maloycaraluan trail,trails,596 km
1099,Ironshaker lane,searoutes,596 km
783,Auraxan path,trails,595 km
125,Glombertidean trail,trails,592 km
503,Stormerpelt trail,trails,591 km
728,Xylan path,trails,582 km
525,Scutainvian pass,trails,581 km
396,Canoresper trail,trails,580 km
161,Dusknightshan track,trails,578 km
842,Heartfor trail,trails,577 km
62,Raven pass,trails,573 km
691,Grumzugronese trail,trails,572 km
36,Thorn route,roads,571 km
562,Sapphire path,trails,571 km
383,The Breezy Echonantus trail,trails,561 km
879,Aetran trail,trails,561 km
441,Canopywinds track,trails,560 km
287,Thunfurytailese trail,trails,556 km
538,Ironfistfalese pass,trails,555 km
1070,Unnamed route,searoutes,555 km
1028,Vestyx route,searoutes,554 km
862,Stonean path,trails,552 km
33,Sun route,roads,547 km
346,Ijilmimzuan trail,trails,544 km
116,Mistshroud pass,trails,544 km
851,Heartfladow trail,trails,544 km
332,Shalean trail,trails,541 km
874,Velvet path,trails,540 km
625,Ironshroud trail,trails,539 km
444,Monwhisk trail,trails,537 km
546,Scutatatean trail,trails,532 km
10,The Echoing Ironsker road,roads,532 km
649,Grikan trail,trails,531 km
209,Ilightwhirlese trail,trails,529 km
306,The Shrouded Frosthunger trail,trails,528 km
251,Popriment track,trails,528 km
166,Canopywinds trail,trails,528 km
892,The Silent Stormwhipluan trail,trails,526 km
725,Cenian trail,trails,526 km
440,Canopymist trail,trails,522 km
556,Scutainflean trail,trails,521 km
123,Canopyshim path,trails,521 km
605,Grompog trail,trails,520 km
521,Thunderan trail,trails,520 km
276,Unnamed route,trails,517 km
868,Aumian trail,trails,517 km
650,Grumish path,trails,517 km
569,The Shrouded Scutaimuan track,trails,516 km
923,Canopymistd route,searoutes,516 km
136,Grumrok pass,trails,515 km
821,Heartcradian trail,trails,515 km
991,Frostshoutbian route,searoutes,513 km
106,The Great Grungronkulese pass,trails,509 km
316,The Cobbled Irontfangwean trail,trails,508 km
629,Moon trail,trails,507 km
758,Soraxan path,trails,506 km
142,Grunthrak trail,trails,506 km
817,Celestial trail,trails,504 km
895,Stormrider trail,trails,502 km
496,Arcane track,trails,502 km
66,Frostfor trail,trails,501 km
917,Moon lane,searoutes,501 km
929,Unnamed route,searoutes,501 km
461,Thunbeak track,trails,500 km
651,Scutainvian trail,trails,499 km
718,Soriorarionese trail,trails,499 km
310,Snow pass,trails,498 km
111,Canopyfernw path,trails,498 km
632,Anjawhishan trail,trails,496 km
518,Stormfeatvor pass,trails,496 km
1031,Queen passage,searoutes,495 km
775,Aulerumian trail,trails,495 km
678,Grumorkan trail,trails,494 km
238,Stonescadowc path,trails,494 km
540,Scutaindest track,trails,493 km
554,Scutaimpan trail,trails,493 km
1007,Heartlom route,searoutes,492 km
174,Blodan trail,trails,491 km
757,Vespean pass,trails,490 km
254,Whispermaw trail,trails,488 km
611,Ironstalker trail,trails,488 km
784,Thunese trail,trails,487 km
351,Grunkulese trail,trails,486 km
270,Gaperan trail,trails,486 km
186,Nightshriean path,trails,485 km
781,The Cobbled Xyran pass,trails,483 km
1082,Old route,searoutes,483 km
471,Frostjawing track,trails,480 km
151,Whisnadowf trail,trails,480 km
552,Scutaindest trail,trails,480 km
147,High trail,trails,477 km
896,Thunese trail,trails,475 km
356,Unnamed route,trails,475 km
839,The Cobbled Heartflalean trail,trails,475 km
981,Shaletoth route,searoutes,474 km
366,Frostan trail,trails,473 km
1146,Siukingsaian route,searoutes,473 km
460,Ghost pass,trails,473 km
696,Unnamed route segment,trails,472 km
549,The Rustic Scutaim trail,trails,471 km
761,Cerureris track,trails,471 km
690,Grugrok trail,trails,470 km
1124,Grumorkan route,searoutes,470 km
443,Canopymistw trail,trails,469 km
858,Bonean track,trails,469 km
39,Whirlwind route,roads,469 km
687,Shadowed pass,trails,467 km
473,Canopyganan pass,trails,467 km
830,Heartan trail,trails,467 km
795,Heartwhisper track,trails,464 km
259,Coldthornese pass,trails,464 km
41,Unnamed route segment,roads,463 km
85,Wind pass,trails,463 km
53,Stormclaw trail,trails,461 km
216,Unnamed route,trails,461 km
804,Unnamed route segment,trails,460 km
885,Aumilumiarian trail,trails,460 km
91,The Shrouded Windskerwing path,trails,459 km
265,Canopywispw trail,trails,458 km
818,Heartweamean trail,trails,458 km
309,Wandering path,trails,457 km
152,The Misty Dushadean trail,trails,456 km
286,Iron trail,trails,455 km
850,The Shrouded Heartfor trail,trails,455 km
229,Frostshoutbian trail,trails,454 km
418,Unnamed route segment,trails,453 km
604,Grumnokan trail,trails,453 km
613,Ironshaker trail,trails,452 km
459,Frost pass,trails,451 km
640,The Great Grumork trail,trails,451 km
467,Shadowthornese pass,trails,451 km
427,Unnamed route,trails,450 km
663,Girdan pass,trails,450 km
87,Grumork path,trails,449 km
766,Ceexan path,trails,448 km
482,Rusthornese path,trails,446 km
599,Scutaintabian track,trails,446 km
375,Maloycaraluan trail,trails,446 km
128,The Serpentine Grumokan pass,trails,446 km
422,Canopybrean track,trails,445 km
686,Chainfor trail,trails,445 km
337,Canopywan path,trails,444 km
857,Stormlash trail,trails,444 km
835,Heart path,trails,443 km
815,Heartreignese path,trails,443 km
305,Snowtglikean trail,trails,443 km
210,Nightgarean track,trails,441 km
644,Cursed pass,trails,441 km
162,Whirlwind path,trails,440 km
626,Ironclaw trail,trails,440 km
865,Bonean trail,trails,440 km
56,Monese trail,trails,440 km
873,Somoraxan trail,trails,439 km
753,Luleanxan trail,trails,438 km
529,Mahoonalan path,trails,436 km
1100,Ringmashadean route,searoutes,435 km
745,Noctish track,trails,435 km
609,Scutainvic track,trails,434 km
1086,Ceraphrian route,searoutes,434 km
925,The Shrouded Amber route,searoutes,433 km
637,The Breezy Ironderan path,trails,433 km
777,Xyran trail,trails,433 km
321,Daphnechian trail,trails,432 km
826,The Sacred Heartflavean trail,trails,430 km
203,Unnamed route segment,trails,429 km
672,Grug pass,trails,427 km
90,Canopyshopyc pass,trails,424 km
652,Unnamed route,trails,423 km
741,Scarlet trail,trails,420 km
594,Scutamagnavian trail,trails,420 km
253,Thunwing trail,trails,419 km
870,Zephylan track,trails,419 km
661,Grothar trail,trails,417 km
262,Darkclaw path,trails,417 km
722,Astherumian track,trails,415 km
1060,Unnamed route,searoutes,414 km
112,Grumbolese path,trails,413 km
932,Bladowhiswalese passage,searoutes,412 km
301,Unnamed route,trails,411 km
576,Blaveran trail,trails,411 km
645,Stelese trail,trails,410 km
1169,Amethyst route,searoutes,409 km
727,The Winding Astherumian trail,trails,409 km
413,Thunderfang trail,trails,408 km
223,Shalean trail,trails,407 km
1013,Molten route,searoutes,405 km
939,Aurora route,searoutes,404 km
488,Unnamed route segment,trails,404 km
946,Eldritch lane,searoutes,401 km
790,Old pass,trails,401 km
438,Stormpelt pass,trails,400 km
100,Canopyshim trail,trails,400 km
630,Blacksmit track,trails,399 km
394,Irons Cry track,trails,398 km
304,Storwingnash track,trails,397 km
255,Nightpelt pass,trails,396 km
832,Unnamed route segment,trails,395 km
1176,Gird water way,searoutes,395 km
49,Nightbladow pass,trails,394 km
252,Nightan track,trails,394 km
267,Frostsnarlese trail,trails,394 km
361,Unnamed route segment,trails,393 km
157,Unnamed route segment,trails,393 km
48,Stormcrest trail,trails,391 km
481,Nightnailese trail,trails,390 km
55,Unnamed route segment,trails,390 km
300,Unnamed route segment,trails,390 km
665,Grung track,trails,390 km
71,Nightfor path,trails,389 km
863,Sable trail,trails,389 km
507,Stormtoth trail,trails,387 km
132,Canopyftouch pass,trails,385 km
31,The Cracked Royal route,roads,385 km
213,Cadebrezef pass,trails,385 km
541,The Misty Scutaindest trail,trails,384 km
95,Canopyshopyc trail,trails,383 km
336,Monderan trail,trails,383 km
782,Noctineran trail,trails,381 km
447,Rusthornese track,trails,379 km
282,Wildtlew trail,trails,378 km
370,Windshadowg trail,trails,377 km
414,Glitclawhirlese trail,trails,376 km
586,Uvaraokdian track,trails,376 km
734,Unnamed route segment,trails,375 km
219,Unnamed route segment,trails,375 km
409,Fluthean trail,trails,373 km
54,Lightbladows trail,trails,372 km
86,Canopybrean track,trails,371 km
617,Grumphak trail,trails,370 km
271,Mongan trail,trails,369 km
871,Zephylan pass,trails,368 km
615,Grorath trail,trails,367 km
74,Unnamed route segment,trails,367 km
993,Snowflaper route,searoutes,366 km
570,Unnamed route,trails,364 km
395,Lightjawing trail,trails,362 km
183,Nightshriean trail,trails,362 km
717,Sylphriaxan path,trails,362 km
634,Unnamed route segment,trails,361 km
172,Unnamed route,trails,361 km
808,Unnamed route segment,trails,361 km
211,Windlash trail,trails,358 km
535,Scutainviabian trail,trails,358 km
770,Unnamed route segment,trails,358 km
431,Unnamed route segment,trails,358 km
367,Snowclaw trail,trails,356 km
411,Nighthornder track,trails,355 km
493,Inebeakscan track,trails,355 km
442,Unnamed route segment,trails,354 km
881,Ceran pass,trails,353 km
198,Frostbidean trail,trails,353 km
639,Grog trail,trails,353 km
335,Frostshoutbian trail,trails,352 km
888,Ethefan trail,trails,350 km
693,Grumork path,trails,350 km
505,Unnamed route segment,trails,349 km
608,Grumnok trail,trails,347 km
434,Unnamed route segment,trails,346 km
670,Ang's Guild trail,trails,345 km
250,Monsperan track,trails,344 km
828,Unnamed route segment,trails,344 km
284,Unnamed route segment,trails,344 km
353,Frostwhisper trail,trails,343 km
182,Unnamed route segment,trails,343 km
504,The Misty Zephan track,trails,342 km
134,Unnamed route segment,trails,341 km
1148,Stormshadow lane,searoutes,341 km
848,Heartlomer trail,trails,341 km
201,Unnamed route segment,trails,338 km
73,Sunsperan trail,trails,338 km
771,Sylphrivox track,trails,338 km
685,Grumzugronese trail,trails,336 km
1170,Whispering route,searoutes,336 km
404,Bonenomshalean trail,trails,334 km
739,Astrean trail,trails,333 km
855,Unnamed route segment,trails,332 km
827,Heartspirean trail,trails,332 km
319,Unnamed route segment,trails,331 km
1173,Crystalline route,searoutes,331 km
164,Unnamed route segment,trails,329 km
674,Unnamed route segment,trails,328 km
1141,Grumkorkunese lane,searoutes,328 km
231,Unnamed route segment,trails,328 km
1035,Heartguard route,searoutes,327 km
537,Meheim track,trails,327 km
160,Scutaimuan trail,trails,327 km
900,Grand lane,searoutes,327 km
357,Unnamed route segment,trails,326 km
989,The Sacred Raven passage,searoutes,326 km
984,Unnamed route,searoutes,325 km
1168,The Cobbled Astral passage,searoutes,325 km
1179,Scutan route,searoutes,323 km
800,Unnamed route segment,trails,323 km
344,Windroar trail,trails,321 km
175,Thunese trail,trails,320 km
341,Unnamed route segment,trails,319 km
838,Unnamed route segment,trails,318 km
659,Unnamed route segment,trails,317 km
726,Unnamed route segment,trails,316 km
451,Canopymonf trail,trails,315 km
237,Unnamed route segment,trails,315 km
671,Ironbonetalese trail,trails,314 km
133,Grothrak pass,trails,314 km
248,Unnamed route segment,trails,314 km
898,Crystal trail,trails,313 km
171,Unnamed route segment,trails,313 km
1177,Scutainpexian water way,searoutes,312 km
92,Unnamed route segment,trails,312 km
1204,Velvet route,searoutes,312 km
380,Unnamed route segment,trails,311 km
673,Unnamed route segment,trails,311 km
275,Unnamed route segment,trails,310 km
486,Thunderan trail,trails,309 km
921,Whisperwind passage,searoutes,308 km
769,Unnamed route segment,trails,307 km
884,Unnamed route segment,trails,307 km
81,Unnamed route segment,trails,307 km
221,Unnamed route segment,trails,307 km
864,Shalenomshan path,trails,306 km
893,Unnamed route segment,trails,305 km
636,Grogan pass,trails,304 km
1089,Stormfeat lane,searoutes,304 km
682,Grumkoran track,trails,303 km
683,Unnamed route segment,trails,302 km
479,Unnamed route segment,trails,302 km
692,Spectral trail,trails,302 km
902,Heartwhisper passage,searoutes,302 km
130,Unnamed route segment,trails,301 km
956,Wild route,searoutes,301 km
230,Icew trail,trails,300 km
668,The Misty Grimgulese trail,trails,299 km
80,Unnamed route segment,trails,299 km
561,Unnamed route segment,trails,299 km
167,Grunese trail,trails,297 km
712,Unnamed route segment,trails,296 km
258,Unnamed route segment,trails,294 km
806,Heartsheat trail,trails,294 km
794,Unnamed route segment,trails,293 km
420,Unnamed route segment,trails,291 km
63,Unnamed route segment,trails,288 km
536,Unnamed route segment,trails,287 km
662,Unnamed route segment,trails,286 km
345,Frostshoutbian trail,trails,286 km
291,Unnamed route segment,trails,286 km
889,Sylphriaxan path,trails,285 km
731,Unnamed route segment,trails,283 km
1006,Titan route,searoutes,283 km
197,Unnamed route segment,trails,282 km
635,Unnamed route segment,trails,282 km
372,Unnamed route segment,trails,282 km
104,Unnamed route segment,trails,281 km
412,Unnamed route segment,trails,280 km
707,Ceris trail,trails,280 km
146,Hearthrob trail,trails,280 km
883,The Fabled Garean trail,trails,279 km
415,Unnamed route segment,trails,279 km
860,Unnamed route segment,trails,277 km
1019,Heartpalmer route,searoutes,277 km
163,Unnamed route segment,trails,277 km
647,Chainroth's trail,trails,276 km
110,Unnamed route segment,trails,275 km
326,Unnamed route segment,trails,274 km
1206,The Shaky Twisted lane,searoutes,274 km
660,Grimgulese pass,trails,272 km
82,Unnamed route segment,trails,272 km
263,Unnamed route segment,trails,271 km
880,Somoraxan trail,trails,269 km
127,Unnamed route segment,trails,268 km
302,Unnamed route segment,trails,268 km
495,Unnamed route segment,trails,265 km
992,Frostmenter lane,searoutes,264 km
729,Unnamed route segment,trails,264 km
823,Unnamed route segment,trails,262 km
324,Unnamed route segment,trails,262 km
577,Unnamed route segment,trails,261 km
699,Astrearan trail,trails,261 km
340,Unnamed route segment,trails,261 km
807,Unnamed route segment,trails,261 km
363,Unnamed route segment,trails,260 km
859,Unnamed route segment,trails,260 km
912,Canopybough route,searoutes,260 km
402,Canopytrew path,trails,258 km
1015,Fading passage,searoutes,258 km
108,Unnamed route segment,trails,255 km
386,Unnamed route segment,trails,255 km
365,Snowstingler trail,trails,253 km
822,Unnamed route segment,trails,253 km
825,Heartechan trail,trails,252 km
327,Snowan trail,trails,250 km
242,Unnamed route segment,trails,250 km
457,Unnamed route segment,trails,248 km
97,Unnamed route segment,trails,247 km
143,Unnamed route segment,trails,247 km
1066,Scutainvictian route,searoutes,247 km
77,Unnamed route segment,trails,246 km
400,Unnamed route segment,trails,246 km
98,Unnamed route segment,trails,246 km
754,Eagle path,trails,244 km
966,Blodfang lane,searoutes,244 km
102,Unnamed route segment,trails,244 km
1165,Unnamed route segment,searoutes,244 km
667,Unnamed route segment,trails,242 km
688,Anvilst trail,trails,241 km
788,Unnamed route segment,trails,240 km
139,Unnamed route segment,trails,240 km
101,Unnamed route segment,trails,238 km
1166,Unnamed route segment,searoutes,238 km
1131,Unnamed route segment,searoutes,238 km
1136,Unnamed route segment,searoutes,237 km
131,Unnamed route segment,trails,237 km
463,Unnamed route segment,trails,236 km
499,Unnamed route segment,trails,236 km
484,Unnamed route segment,trails,235 km
1016,Stormtoth route,searoutes,235 km
12,Unnamed route segment,roads,233 km
583,Unnamed route segment,trails,232 km
500,Unnamed route segment,trails,232 km
448,Unnamed route segment,trails,232 km
487,Shadowpelt trail,trails,231 km
710,Unnamed route segment,trails,231 km
805,Unnamed route segment,trails,231 km
455,Unnamed route segment,trails,231 km
891,Stormfeat trail,trails,231 km
474,Caveran path,trails,231 km
222,Unnamed route segment,trails,230 km
240,Unnamed route segment,trails,230 km
1109,Grumgulese lane,searoutes,230 km
293,Unnamed route segment,trails,230 km
591,Ringbreadow trail,trails,229 km
1041,Military lane,searoutes,229 km
225,Unnamed route segment,trails,227 km
58,Unnamed route segment,trails,227 km
721,Unnamed route segment,trails,227 km
759,Unnamed route segment,trails,226 km
333,Unnamed route segment,trails,226 km
1154,Unnamed route segment,searoutes,225 km
709,Unnamed route segment,trails,225 km
676,Unnamed route segment,trails,224 km
641,Unnamed route segment,trails,224 km
454,Unnamed route segment,trails,222 km
435,Unnamed route segment,trails,222 km
215,Unnamed route segment,trails,221 km
349,Unnamed route segment,trails,221 km
218,Unnamed route segment,trails,221 km
1098,Unnamed route segment,searoutes,219 km
814,Unnamed route segment,trails,219 km
297,Unnamed route segment,trails,218 km
122,Unnamed route segment,trails,218 km
368,Unnamed route segment,trails,217 km
377,Unnamed route segment,trails,215 km
1110,The Rustic Phoenix lane,searoutes,214 km
405,Unnamed route segment,trails,214 km
399,Unnamed route segment,trails,214 km
103,Unnamed route segment,trails,213 km
419,Unnamed route segment,trails,213 km
877,Unnamed route segment,trails,212 km
61,Unnamed route segment,trails,211 km
312,Unnamed route segment,trails,210 km
749,Unnamed route segment,trails,209 km
621,Unnamed route segment,trails,209 km
1151,Grumphok route,searoutes,208 km
531,Unnamed route segment,trails,208 km
622,Unnamed route segment,trails,206 km
390,Unnamed route segment,trails,206 km
846,Unnamed route segment,trails,205 km
511,Unnamed route segment,trails,205 km
342,Unnamed route segment,trails,203 km
602,Unnamed route segment,trails,201 km
907,Unnamed route segment,searoutes,198 km
1054,Unnamed route segment,searoutes,198 km
528,Unnamed route segment,trails,198 km
836,Unnamed route segment,trails,196 km
315,Unnamed route segment,trails,196 km
200,Unnamed route segment,trails,194 km
502,Unnamed route segment,trails,193 km
934,Ethereal route,searoutes,192 km
803,Unnamed route segment,trails,192 km
752,Unnamed route segment,trails,191 km
987,Heartcrownese passage,searoutes,191 km
792,Unnamed route segment,trails,191 km
285,Unnamed route segment,trails,191 km
489,Unnamed route segment,trails,188 km
844,Unnamed route segment,trails,187 km
1195,Unnamed route segment,searoutes,187 km
466,Unnamed route segment,trails,186 km
751,Unnamed route segment,trails,186 km
403,Unnamed route segment,trails,186 km
1034,Unnamed route segment,searoutes,185 km
194,Unnamed route segment,trails,185 km
371,Unnamed route segment,trails,184 km
1053,Unnamed route segment,searoutes,184 km
764,Unnamed route segment,trails,182 km
653,Unnamed route segment,trails,181 km
592,Unnamed route segment,trails,181 km
107,Unnamed route segment,trails,180 km
708,Unnamed route segment,trails,178 km
329,Unnamed route segment,trails,178 km
517,Unnamed route segment,trails,178 km
509,Unnamed route segment,trails,177 km
212,Unnamed route segment,trails,177 km
949,Unnamed route segment,searoutes,177 km
239,Unnamed route segment,trails,176 km
323,Unnamed route segment,trails,175 km
177,Unnamed route segment,trails,174 km
756,Unnamed route segment,trails,173 km
1139,Unnamed route segment,searoutes,172 km
243,Unnamed route segment,trails,170 km
138,Unnamed route segment,trails,170 km
590,Unnamed route segment,trails,168 km
1125,Unnamed route segment,searoutes,167 km
269,Unnamed route segment,trails,167 km
1205,Unnamed route segment,searoutes,167 km
931,Unnamed route segment,searoutes,167 km
787,Unnamed route segment,trails,166 km
176,Unnamed route segment,trails,165 km
241,Unnamed route segment,trails,165 km
990,Unnamed route segment,searoutes,165 km
445,Unnamed route segment,trails,164 km
21,Unnamed route segment,roads,162 km
296,Unnamed route segment,trails,161 km
1192,Unnamed route segment,searoutes,159 km
861,Unnamed route segment,trails,159 km
69,Unnamed route segment,trails,157 km
480,Unnamed route segment,trails,154 km
290,Unnamed route segment,trails,154 km
937,Unnamed route segment,searoutes,152 km
217,Unnamed route segment,trails,151 km
226,Unnamed route segment,trails,151 km
596,Unnamed route segment,trails,150 km
510,Unnamed route segment,trails,150 km
314,Unnamed route segment,trails,148 km
51,Unnamed route segment,trails,147 km
289,Unnamed route segment,trails,147 km
148,Unnamed route segment,trails,145 km
869,Unnamed route segment,trails,145 km
497,Unnamed route segment,trails,144 km
124,Unnamed route segment,trails,143 km
847,Unnamed route segment,trails,143 km
681,Unnamed route segment,trails,141 km
1156,Unnamed route segment,searoutes,139 km
266,Unnamed route segment,trails,138 km
347,Unnamed route segment,trails,136 km
967,Unnamed route segment,searoutes,135 km
1175,Grunese route,searoutes,134 km
456,Unnamed route segment,trails,132 km
809,Unnamed route segment,trails,131 km
1095,Unnamed route segment,searoutes,131 km
1197,Unnamed route segment,searoutes,126 km
187,Unnamed route segment,trails,124 km
598,Unnamed route segment,trails,123 km
1025,Unnamed route segment,searoutes,120 km
381,Unnamed route segment,trails,120 km
494,Unnamed route segment,trails,119 km
1132,Unnamed route segment,searoutes,118 km
113,Unnamed route segment,trails,118 km
995,Unnamed route segment,searoutes,114 km
1158,Unnamed route segment,searoutes,114 km
1055,Unnamed route segment,searoutes,113 km
1115,Unnamed route segment,searoutes,111 km
1143,Unnamed route segment,searoutes,111 km
1024,Unnamed route segment,searoutes,109 km
1067,Unnamed route segment,searoutes,108 km
1199,Unnamed route segment,searoutes,108 km
1152,Unnamed route segment,searoutes,108 km
1009,Unnamed route segment,searoutes,106 km
986,Unnamed route segment,searoutes,105 km
118,Unnamed route segment,trails,105 km
961,Unnamed route segment,searoutes,104 km
1128,Unnamed route segment,searoutes,104 km
234,Unnamed route segment,trails,103 km
1014,Unnamed route segment,searoutes,103 km
928,Unnamed route segment,searoutes,100 km
578,Unnamed route segment,trails,100 km
1003,Unnamed route segment,searoutes,100 km
789,Unnamed route segment,trails,99 km
1056,Unnamed route segment,searoutes,98 km
1062,Thunderbolt lane,searoutes,98 km
1142,Unnamed route segment,searoutes,97 km
985,Unnamed route segment,searoutes,96 km
18,Unnamed route segment,roads,96 km
1172,Unnamed route segment,searoutes,95 km
1038,Unnamed route segment,searoutes,93 km
1191,Unnamed route segment,searoutes,92 km
1198,Unnamed route segment,searoutes,90 km
1126,Unnamed route segment,searoutes,89 km
1018,Unnamed route segment,searoutes,89 km
1012,Canopymonf route,searoutes,88 km
1178,Unnamed route segment,searoutes,88 km
919,Unnamed route segment,searoutes,87 km
959,Unnamed route segment,searoutes,86 km
1137,Unnamed route segment,searoutes,85 km
1037,Unnamed route segment,searoutes,85 km
1190,Unnamed route segment,searoutes,85 km
1134,Unnamed route segment,searoutes,85 km
1045,Unnamed route segment,searoutes,85 km
1194,Unnamed route segment,searoutes,84 km
184,Unnamed route segment,trails,84 km
942,Unnamed route segment,searoutes,83 km
913,Unnamed route segment,searoutes,82 km
1079,Unnamed route segment,searoutes,81 km
1032,Unnamed route segment,searoutes,81 km
1004,Unnamed route segment,searoutes,80 km
965,Unnamed route segment,searoutes,79 km
936,Unnamed route segment,searoutes,79 km
943,Unnamed route segment,searoutes,79 km
1182,Unnamed route segment,searoutes,78 km
1090,Unnamed route segment,searoutes,78 km
1072,Unnamed route segment,searoutes,77 km
1065,Unnamed route segment,searoutes,76 km
1085,Unnamed route segment,searoutes,74 km
1001,Unnamed route segment,searoutes,73 km
1181,Unnamed route segment,searoutes,72 km
977,Unnamed route segment,searoutes,72 km
1167,Unnamed route segment,searoutes,72 km
1121,Unnamed route segment,searoutes,71 km
944,Unnamed route segment,searoutes,71 km
1171,Unnamed route segment,searoutes,70 km
1081,Unnamed route segment,searoutes,66 km
1159,Unnamed route segment,searoutes,65 km
557,Unnamed route segment,trails,63 km
1021,Unnamed route segment,searoutes,62 km
1092,Unnamed route segment,searoutes,60 km
579,Unnamed route segment,trails,58 km
1180,Unnamed route segment,searoutes,55 km
938,Unnamed route segment,searoutes,55 km
1196,Unnamed route segment,searoutes,53 km
1063,Unnamed route segment,searoutes,51 km
1123,Unnamed route segment,searoutes,50 km
968,Unnamed route segment,searoutes,47 km
1076,Unnamed route segment,searoutes,31 km
